Model,Accuracy,F1-Score,ROC-AUC
Simulated Basic,0.725,0.7736625514403292,0.7976521470497374
Simulated Regularized,0.735,0.7836734693877551,0.7976521470497374
Simulated Balanced,0.71,0.7410714285714286,0.7969313150036043
Real Basic,0.8846153846153846,0.9387755102040817,0.6817391304347825
Real Regularized,0.8846153846153846,0.9387755102040817,0.672463768115942
Real Balanced,0.6538461538461539,0.7692307692307693,0.6817391304347825
